[{"model": "shoppy.county", "pk": 1, "fields": {"name": "MOMBASA", "number": 1, "created_at": "2019-12-05T07:16:40.123Z", "updated_at": "2019-12-05T07:16:40.124Z"}}, {"model": "shoppy.county", "pk": 2, "fields": {"name": "KWALE", "number": 2, "created_at": "2019-12-05T07:16:40.280Z", "updated_at": "2019-12-05T07:16:40.280Z"}}, {"model": "shoppy.county", "pk": 3, "fields": {"name": "KILIFI", "number": 3, "created_at": "2019-12-05T07:16:40.437Z", "updated_at": "2019-12-05T07:16:40.437Z"}}, {"model": "shoppy.county", "pk": 4, "fields": {"name": "TANA RIVER", "number": 4, "created_at": "2019-12-05T07:16:40.634Z", "updated_at": "2019-12-05T07:16:40.634Z"}}, {"model": "shoppy.county", "pk": 5, "fields": {"name": "LAMU", "number": 5, "created_at": "2019-12-05T07:16:40.753Z", "updated_at": "2019-12-05T07:16:40.753Z"}}, {"model": "shoppy.county", "pk": 6, "fields": {"name": "TAITA TAVETA", "number": 6, "created_at": "2019-12-05T07:16:40.924Z", "updated_at": "2019-12-05T07:16:40.924Z"}}, {"model": "shoppy.county", "pk": 7, "fields": {"name": "GARISSA", "number": 7, "created_at": "2019-12-05T07:16:41.020Z", "updated_at": "2019-12-05T07:16:41.020Z"}}, {"model": "shoppy.county", "pk": 8, "fields": {"name": "WAJIR", "number": 8, "created_at": "2019-12-05T07:16:41.111Z", "updated_at": "2019-12-05T07:16:41.111Z"}}, {"model": "shoppy.county", "pk": 9, "fields": {"name": "MANDERA", "number": 9, "created_at": "2019-12-05T07:16:41.208Z", "updated_at": "2019-12-05T07:16:41.208Z"}}, {"model": "shoppy.county", "pk": 10, "fields": {"name": "MARSABIT", "number": 10, "created_at": "2019-12-05T07:16:41.319Z", "updated_at": "2019-12-05T07:16:41.320Z"}}, {"model": "shoppy.county", "pk": 11, "fields": {"name": "ISIOLO", "number": 11, "created_at": "2019-12-05T07:16:41.431Z", "updated_at": "2019-12-05T07:16:41.431Z"}}, {"model": "shoppy.county", "pk": 12, "fields": {"name": "MERU", "number": 12, "created_at": "2019-12-05T07:16:41.530Z", "updated_at": "2019-12-05T07:16:41.530Z"}}, {"model": "shoppy.county", "pk": 13, "fields": {"name": "THARAKA-NITHI", "number": 13, "created_at": "2019-12-05T07:16:41.643Z", "updated_at": "2019-12-05T07:16:41.643Z"}}, {"model": "shoppy.county", "pk": 14, "fields": {"name": "EMBU", "number": 14, "created_at": "2019-12-05T07:16:41.731Z", "updated_at": "2019-12-05T07:16:41.731Z"}}, {"model": "shoppy.county", "pk": 15, "fields": {"name": "KITUI", "number": 15, "created_at": "2019-12-05T07:16:41.831Z", "updated_at": "2019-12-05T07:16:41.831Z"}}, {"model": "shoppy.county", "pk": 16, "fields": {"name": "MACHAKOS", "number": 16, "created_at": "2019-12-05T07:16:41.941Z", "updated_at": "2019-12-05T07:16:41.941Z"}}, {"model": "shoppy.county", "pk": 17, "fields": {"name": "MAKUENI", "number": 17, "created_at": "2019-12-05T07:16:42.042Z", "updated_at": "2019-12-05T07:16:42.042Z"}}, {"model": "shoppy.county", "pk": 18, "fields": {"name": "NYANDARUA", "number": 18, "created_at": "2019-12-05T07:16:42.134Z", "updated_at": "2019-12-05T07:16:42.134Z"}}, {"model": "shoppy.county", "pk": 19, "fields": {"name": "NYERI", "number": 19, "created_at": "2019-12-05T07:16:42.235Z", "updated_at": "2019-12-05T07:16:42.235Z"}}, {"model": "shoppy.county", "pk": 20, "fields": {"name": "KIRINYAGA", "number": 20, "created_at": "2019-12-05T07:16:42.296Z", "updated_at": "2019-12-05T07:16:42.296Z"}}, {"model": "shoppy.county", "pk": 21, "fields": {"name": "MURANG'A", "number": 21, "created_at": "2019-12-05T07:16:42.408Z", "updated_at": "2019-12-05T07:16:42.408Z"}}, {"model": "shoppy.county", "pk": 22, "fields": {"name": "KIAMBU", "number": 22, "created_at": "2019-12-05T07:16:42.486Z", "updated_at": "2019-12-05T07:16:42.486Z"}}, {"model": "shoppy.county", "pk": 23, "fields": {"name": "TURKANA", "number": 23, "created_at": "2019-12-05T07:16:42.597Z", "updated_at": "2019-12-05T07:16:42.597Z"}}, {"model": "shoppy.county", "pk": 24, "fields": {"name": "WEST POKOT", "number": 24, "created_at": "2019-12-05T07:16:42.697Z", "updated_at": "2019-12-05T07:16:42.697Z"}}, {"model": "shoppy.county", "pk": 25, "fields": {"name": "SAMBURU", "number": 25, "created_at": "2019-12-05T07:16:42.785Z", "updated_at": "2019-12-05T07:16:42.785Z"}}, {"model": "shoppy.county", "pk": 26, "fields": {"name": "TRANS NZOIA", "number": 26, "created_at": "2019-12-05T07:16:42.853Z", "updated_at": "2019-12-05T07:16:42.853Z"}}, {"model": "shoppy.county", "pk": 27, "fields": {"name": "UASIN GISHU", "number": 27, "created_at": "2019-12-05T07:16:42.942Z", "updated_at": "2019-12-05T07:16:42.942Z"}}, {"model": "shoppy.county", "pk": 28, "fields": {"name": "ELGEYO/MARAKWET", "number": 28, "created_at": "2019-12-05T07:16:43.053Z", "updated_at": "2019-12-05T07:16:43.053Z"}}, {"model": "shoppy.county", "pk": 29, "fields": {"name": "NANDI", "number": 29, "created_at": "2019-12-05T07:16:43.152Z", "updated_at": "2019-12-05T07:16:43.152Z"}}, {"model": "shoppy.county", "pk": 30, "fields": {"name": "BARINGO", "number": 30, "created_at": "2019-12-05T07:16:43.251Z", "updated_at": "2019-12-05T07:16:43.251Z"}}, {"model": "shoppy.county", "pk": 31, "fields": {"name": "LAIKIPIA", "number": 31, "created_at": "2019-12-05T07:16:43.364Z", "updated_at": "2019-12-05T07:16:43.364Z"}}, {"model": "shoppy.county", "pk": 32, "fields": {"name": "NAKURU", "number": 32, "created_at": "2019-12-05T07:16:43.464Z", "updated_at": "2019-12-05T07:16:43.464Z"}}, {"model": "shoppy.county", "pk": 33, "fields": {"name": "NAROK", "number": 33, "created_at": "2019-12-05T07:16:43.552Z", "updated_at": "2019-12-05T07:16:43.552Z"}}, {"model": "shoppy.county", "pk": 34, "fields": {"name": "KAJIADO", "number": 34, "created_at": "2019-12-05T07:16:43.646Z", "updated_at": "2019-12-05T07:16:43.646Z"}}, {"model": "shoppy.county", "pk": 35, "fields": {"name": "KERICHO", "number": 35, "created_at": "2019-12-05T07:16:43.730Z", "updated_at": "2019-12-05T07:16:43.730Z"}}, {"model": "shoppy.county", "pk": 36, "fields": {"name": "BOMET", "number": 36, "created_at": "2019-12-05T07:16:43.820Z", "updated_at": "2019-12-05T07:16:43.820Z"}}, {"model": "shoppy.county", "pk": 37, "fields": {"name": "KAKAMEGA", "number": 37, "created_at": "2019-12-05T07:16:43.931Z", "updated_at": "2019-12-05T07:16:43.931Z"}}, {"model": "shoppy.county", "pk": 38, "fields": {"name": "VIHIGA", "number": 38, "created_at": "2019-12-05T07:16:44.031Z", "updated_at": "2019-12-05T07:16:44.031Z"}}, {"model": "shoppy.county", "pk": 39, "fields": {"name": "BUNGOMA", "number": 39, "created_at": "2019-12-05T07:16:44.174Z", "updated_at": "2019-12-05T07:16:44.174Z"}}, {"model": "shoppy.county", "pk": 40, "fields": {"name": "BUSIA", "number": 40, "created_at": "2019-12-05T07:16:44.352Z", "updated_at": "2019-12-05T07:16:44.352Z"}}, {"model": "shoppy.county", "pk": 41, "fields": {"name": "SIAYA", "number": 41, "created_at": "2019-12-05T07:16:44.496Z", "updated_at": "2019-12-05T07:16:44.496Z"}}, {"model": "shoppy.county", "pk": 42, "fields": {"name": "KISUMU", "number": 42, "created_at": "2019-12-05T07:16:44.642Z", "updated_at": "2019-12-05T07:16:44.642Z"}}, {"model": "shoppy.county", "pk": 43, "fields": {"name": "HOMA BAY", "number": 43, "created_at": "2019-12-05T07:16:44.765Z", "updated_at": "2019-12-05T07:16:44.765Z"}}, {"model": "shoppy.county", "pk": 44, "fields": {"name": "MIGORI", "number": 44, "created_at": "2019-12-05T07:16:44.886Z", "updated_at": "2019-12-05T07:16:44.886Z"}}, {"model": "shoppy.county", "pk": 45, "fields": {"name": "KISII", "number": 45, "created_at": "2019-12-05T07:16:45.019Z", "updated_at": "2019-12-05T07:16:45.019Z"}}, {"model": "shoppy.county", "pk": 46, "fields": {"name": "NYAMIRA", "number": 46, "created_at": "2019-12-05T07:16:45.162Z", "updated_at": "2019-12-05T07:16:45.162Z"}}, {"model": "shoppy.county", "pk": 47, "fields": {"name": "NAIROBI", "number": 47, "created_at": "2019-12-05T07:16:45.277Z", "updated_at": "2019-12-05T07:16:45.277Z"}}, {"model": "shoppy.category", "pk": 1, "fields": {"name": "Electronics", "parent_id": null, "created_at": "2019-12-05T09:07:18.593Z", "updated_at": "2019-12-05T09:07:18.593Z"}}, {"model": "shoppy.category", "pk": 2, "fields": {"name": "Cloathing", "parent_id": null, "created_at": "2019-12-05T09:07:31.209Z", "updated_at": "2019-12-05T09:07:31.209Z"}}, {"model": "shoppy.category", "pk": 3, "fields": {"name": "footware", "parent_id": null, "created_at": "2019-12-05T09:07:57.521Z", "updated_at": "2019-12-05T09:07:57.522Z"}}, {"model": "shoppy.category", "pk": 4, "fields": {"name": "Phones & Tablets", "parent_id": null, "created_at": "2019-12-05T09:08:15.443Z", "updated_at": "2019-12-05T09:08:15.443Z"}}, {"model": "shoppy.category", "pk": 5, "fields": {"name": "kids ware", "parent_id": null, "created_at": "2019-12-05T09:08:30.256Z", "updated_at": "2019-12-05T09:08:30.257Z"}}, {"model": "shoppy.category", "pk": 6, "fields": {"name": "Funiture", "parent_id": null, "created_at": "2019-12-05T11:25:36.635Z", "updated_at": "2019-12-05T11:25:36.635Z"}}, {"model": "shoppy.category", "pk": 7, "fields": {"name": "lightings", "parent_id": null, "created_at": "2019-12-05T11:25:54.152Z", "updated_at": "2019-12-05T11:25:54.152Z"}}, {"model": "shoppy.category", "pk": 8, "fields": {"name": "Home Deco", "parent_id": null, "created_at": "2019-12-05T11:35:05.161Z", "updated_at": "2019-12-05T11:35:05.161Z"}}, {"model": "shoppy.category", "pk": 9, "fields": {"name": "Cutlery", "parent_id": null, "created_at": "2019-12-05T11:37:51.396Z", "updated_at": "2019-12-05T11:37:51.396Z"}}, {"model": "shoppy.category", "pk": 10, "fields": {"name": "lighting", "parent_id": null, "created_at": "2019-12-05T11:39:37.278Z", "updated_at": "2019-12-05T11:39:37.278Z"}}, {"model": "shoppy.category", "pk": 11, "fields": {"name": "appliances", "parent_id": null, "created_at": "2019-12-05T11:40:30.233Z", "updated_at": "2019-12-05T11:41:08.126Z"}}, {"model": "shoppy.category", "pk": 12, "fields": {"name": "fridge", "parent_id": 1, "created_at": "2019-12-05T11:43:37.441Z", "updated_at": "2020-01-20T14:14:50.988Z"}}, {"model": "shoppy.category", "pk": 13, "fields": {"name": "gucci", "parent_id": 2, "created_at": "2019-12-05T11:44:16.744Z", "updated_at": "2019-12-05T11:44:16.744Z"}}, {"model": "shoppy.category", "pk": 14, "fields": {"name": "Groccery", "parent_id": null, "created_at": "2020-01-20T14:33:34.087Z", "updated_at": "2020-01-20T14:33:34.087Z"}}, {"model": "shoppy.category", "pk": 15, "fields": {"name": "Cement", "parent_id": null, "created_at": "2020-01-20T14:35:26.508Z", "updated_at": "2020-01-20T14:35:26.508Z"}}, {"model": "shoppy.brand", "pk": 1, "fields": {"name": "samsung", "created_at": "2019-12-05T09:11:42.762Z", "updated_at": "2019-12-05T09:11:42.763Z"}}, {"model": "shoppy.brand", "pk": 2, "fields": {"name": "Smaltec", "created_at": "2019-12-05T11:26:52.396Z", "updated_at": "2019-12-05T11:33:37.038Z"}}, {"model": "shoppy.brand", "pk": 3, "fields": {"name": "lg", "created_at": "2019-12-05T11:26:57.928Z", "updated_at": "2019-12-05T11:26:57.928Z"}}, {"model": "shoppy.brand", "pk": 4, "fields": {"name": "infinix", "created_at": "2019-12-05T11:28:29.163Z", "updated_at": "2019-12-05T11:28:29.163Z"}}, {"model": "shoppy.brand", "pk": 5, "fields": {"name": "Recliner", "created_at": "2019-12-05T11:33:16.030Z", "updated_at": "2019-12-05T11:33:51.820Z"}}, {"model": "shoppy.image", "pk": 1, "fields": {"product": 1, "image": "images/brinox_wok_pan_24cm_-_2.3l.jpg", "created_at": "2019-12-05T12:28:22.155Z", "updated_at": "2019-12-05T12:28:22.156Z"}}, {"model": "shoppy.image", "pk": 2, "fields": {"product": 1, "image": "images/images.jpg", "created_at": "2019-12-05T12:28:22.283Z", "updated_at": "2019-12-05T12:28:22.283Z"}}, {"model": "shoppy.image", "pk": 3, "fields": {"product": 2, "image": "images/ac0966e61b8f351b234a5d5f0a400566eeafe498.jpeg", "created_at": "2019-12-05T12:31:37.823Z", "updated_at": "2019-12-05T12:31:37.823Z"}}, {"model": "shoppy.image", "pk": 4, "fields": {"product": 3, "image": "images/ac0966e61b8f351b234a5d5f0a400566eeafe498_rTOZAoi.jpeg", "created_at": "2019-12-05T12:32:33.101Z", "updated_at": "2019-12-05T12:32:33.101Z"}}, {"model": "shoppy.image", "pk": 5, "fields": {"product": 3, "image": "images/string-lights-in-kenya.jpg", "created_at": "2019-12-05T12:32:33.190Z", "updated_at": "2019-12-05T12:32:33.190Z"}}, {"model": "shoppy.image", "pk": 6, "fields": {"product": 4, "image": "images/1_3__158.jpg", "created_at": "2019-12-05T12:33:57.547Z", "updated_at": "2019-12-05T12:33:57.547Z"}}, {"model": "shoppy.image", "pk": 7, "fields": {"product": 4, "image": "images/87df94_53ca8411da0f48a1ab3acd4a484cda19_mv2_d_2000_1875_s_2.jpg", "created_at": "2019-12-05T12:33:57.646Z", "updated_at": "2019-12-05T12:33:57.646Z"}}, {"model": "shoppy.image", "pk": 8, "fields": {"product": 4, "image": "images/product_image_d9e75ebd-4ff5-4187-aee0-daee31393b4a.jpg", "created_at": "2019-12-05T12:33:57.758Z", "updated_at": "2019-12-05T12:33:57.758Z"}}, {"model": "shoppy.image", "pk": 9, "fields": {"product": 5, "image": "images/product_image_d9e75ebd-4ff5-4187-aee0-daee31393b4a_6nRO40e.jpg", "created_at": "2019-12-05T12:34:50.962Z", "updated_at": "2019-12-05T12:34:50.962Z"}}, {"model": "shoppy.image", "pk": 10, "fields": {"product": 6, "image": "images/images_1.jpg", "created_at": "2019-12-05T12:36:41.719Z", "updated_at": "2019-12-05T12:36:41.719Z"}}, {"model": "shoppy.image", "pk": 11, "fields": {"product": 7, "image": "images/1_3__158_ALAuTth.jpg", "created_at": "2019-12-05T12:38:42.037Z", "updated_at": "2019-12-05T12:38:42.037Z"}}, {"model": "shoppy.image", "pk": 12, "fields": {"product": 7, "image": "images/87df94_53ca8411da0f48a1ab3acd4a484cda19_mv2_d_2000_1875_s_2_HE8HKEx.jpg", "created_at": "2019-12-05T12:38:42.189Z", "updated_at": "2019-12-05T12:38:42.189Z"}}, {"model": "shoppy.image", "pk": 13, "fields": {"product": 8, "image": "images/1_3__158_2k5iJin.jpg", "created_at": "2020-02-01T17:54:11.348Z", "updated_at": "2020-02-01T17:54:11.348Z"}}, {"model": "shoppy.image", "pk": 14, "fields": {"product": 8, "image": "images/87df94_53ca8411da0f48a1ab3acd4a484cda19_mv2_d_2000_1875_s_2_WqBAAf8.jpg", "created_at": "2020-02-01T17:54:11.487Z", "updated_at": "2020-02-01T17:54:11.488Z"}}, {"model": "shoppy.image", "pk": 15, "fields": {"product": 9, "image": "images/images_1_zlDblp7.jpg", "created_at": "2020-02-01T18:28:28.540Z", "updated_at": "2020-02-01T18:28:28.541Z"}}, {"model": "shoppy.image", "pk": 16, "fields": {"product": 10, "image": "images/string-lights-in-kenya_86DkjZv.jpg", "created_at": "2020-02-01T18:57:06.404Z", "updated_at": "2020-02-01T18:57:06.404Z"}}, {"model": "shoppy.image", "pk": 19, "fields": {"product": 9, "image": "images/images_1_oqXUWGo.jpg", "created_at": "2020-02-01T21:43:19.678Z", "updated_at": "2020-02-01T21:43:19.678Z"}}, {"model": "shoppy.mashcartcookie", "pk": 2, "fields": {"mashcookie": "a128b784ahef6b975f3h7382594a9fg6"}}, {"model": "shoppy.mashcartcookie", "pk": 4, "fields": {"mashcookie": "ea31hb8dfebhh1714761bdgb9e19fda9"}}, {"model": "shoppy.offer", "pk": 3, "fields": {"offer": "xmass offer", "product": 1, "discount": 2000.0, "start_time": "2019-12-16T00:00:00Z", "end_time": "2019-12-25T00:00:00Z", "created_at": "2019-12-16T11:24:57.692Z", "updated_at": "2019-12-16T11:24:57.692Z"}}, {"model": "shoppy.offer", "pk": 4, "fields": {"offer": "xmass offer", "product": 9, "discount": 120000.0, "start_time": "2020-02-04T00:00:00Z", "end_time": "2020-02-29T00:00:00Z", "created_at": "2020-02-05T10:48:56.611Z", "updated_at": "2020-02-05T10:48:56.611Z"}}, {"model": "shoppy.offer", "pk": 5, "fields": {"offer": "xmass offer", "product": 6, "discount": 9000.0, "start_time": "2020-02-06T00:00:00Z", "end_time": "2020-02-29T00:00:00Z", "created_at": "2020-02-06T20:30:32.024Z", "updated_at": "2020-02-06T20:30:32.024Z"}}, {"model": "shoppy.offer", "pk": 6, "fields": {"offer": "xmass offer", "product": 2, "discount": 1000.0, "start_time": "2020-02-25T00:00:00Z", "end_time": "2020-02-29T00:00:00Z", "created_at": "2020-02-25T12:42:49.938Z", "updated_at": "2020-02-25T12:42:49.938Z"}}, {"model": "shoppy.offer", "pk": 7, "fields": {"offer": "Black friday", "product": 4, "discount": 15000.0, "start_time": "2020-02-25T00:00:00Z", "end_time": "2020-02-29T00:00:00Z", "created_at": "2020-02-25T12:43:18.861Z", "updated_at": "2020-02-25T12:43:18.861Z"}}, {"model": "shoppy.offer", "pk": 8, "fields": {"offer": "xmass offer", "product": 7, "discount": 20000.0, "start_time": "2020-02-25T00:00:00Z", "end_time": "2020-02-29T00:00:00Z", "created_at": "2020-02-25T12:43:50.631Z", "updated_at": "2020-02-25T12:43:50.631Z"}}, {"model": "shoppy.offer", "pk": 9, "fields": {"offer": "xmass offer", "product": 5, "discount": 10000.0, "start_time": "2020-02-25T00:00:00Z", "end_time": "2020-02-29T00:00:00Z", "created_at": "2020-02-25T12:44:19.136Z", "updated_at": "2020-02-25T12:44:19.136Z"}}, {"model": "shoppy.inventory", "pk": 1, "fields": {"product": 1, "quantity": 10, "created_at": "2019-12-05T12:28:22.032Z", "updated_at": "2019-12-05T12:28:22.032Z"}}, {"model": "shoppy.inventory", "pk": 2, "fields": {"product": 2, "quantity": 3, "created_at": "2019-12-05T12:31:37.712Z", "updated_at": "2019-12-05T12:31:37.712Z"}}, {"model": "shoppy.inventory", "pk": 3, "fields": {"product": 3, "quantity": 4, "created_at": "2019-12-05T12:32:32.931Z", "updated_at": "2019-12-05T12:32:32.931Z"}}, {"model": "shoppy.inventory", "pk": 4, "fields": {"product": 4, "quantity": 2, "created_at": "2019-12-05T12:33:57.441Z", "updated_at": "2019-12-05T12:33:57.441Z"}}, {"model": "shoppy.inventory", "pk": 5, "fields": {"product": 5, "quantity": 200, "created_at": "2019-12-05T12:34:50.847Z", "updated_at": "2019-12-05T12:34:50.847Z"}}, {"model": "shoppy.inventory", "pk": 6, "fields": {"product": 6, "quantity": 1, "created_at": "2019-12-05T12:36:41.600Z", "updated_at": "2019-12-05T12:36:41.600Z"}}, {"model": "shoppy.inventory", "pk": 7, "fields": {"product": 7, "quantity": 2, "created_at": "2019-12-05T12:38:41.904Z", "updated_at": "2019-12-05T12:38:41.904Z"}}, {"model": "shoppy.inventory", "pk": 8, "fields": {"product": 8, "quantity": 6, "created_at": "2020-02-01T17:54:11.153Z", "updated_at": "2020-02-01T17:54:11.153Z"}}, {"model": "shoppy.inventory", "pk": 9, "fields": {"product": 9, "quantity": 6, "created_at": "2020-02-01T18:28:28.372Z", "updated_at": "2020-02-01T18:28:28.372Z"}}, {"model": "shoppy.inventory", "pk": 10, "fields": {"product": 10, "quantity": 5, "created_at": "2020-02-01T18:57:06.210Z", "updated_at": "2020-02-01T18:57:06.210Z"}}, {"model": "auth.user", "pk": 1, "fields": {"password": "pbkdf2_sha256$150000$QXUmjJOQpMUN$zGlvdnqjagMsnAEW0NyS2JbR9+bSkSW1BPDCoOWyc7A=", "last_login": "2020-02-26T10:52:52.163Z", "is_superuser": false, "username": "mashkys@concept.com", "first_name": "mashkys", "last_name": "maskys", "email": "mashkyss@concept.com", "is_staff": false, "is_active": true, "date_joined": "2019-12-05T09:04:45.683Z", "groups": [], "user_permissions": []}}, {"model": "auth.user", "pk": 2, "fields": {"password": "pbkdf2_sha256$150000$Kev3SiYpdi1W$9CdpRW3KXGdrd890F5IsQ9Iy1locfvxAY3s5oNZj2pA=", "last_login": "2020-02-07T14:02:45.248Z", "is_superuser": true, "username": "mashkysadmin@admin.com", "first_name": "", "last_name": "", "email": "mashkysadminn@admin.com", "is_staff": true, "is_active": true, "date_joined": "2019-12-05T09:05:59.345Z", "groups": [], "user_permissions": []}}, {"model": "auth.user", "pk": 3, "fields": {"password": "pbkdf2_sha256$150000$PzCtkQ9rB8mV$05mmSiDl2kwY2qdKMfL9eCXQQPb9JlHKECbQzl91PhQ=", "last_login": "2020-01-11T14:19:34.857Z", "is_superuser": false, "username": "eugenewere", "first_name": "eugene", "last_name": "were", "email": "", "is_staff": false, "is_active": true, "date_joined": "2019-12-06T08:48:37.043Z", "groups": [], "user_permissions": []}}, {"model": "auth.user", "pk": 4, "fields": {"password": "pbkdf2_sha256$150000$Cq59W95gWnbQ$w+tKaLG5Lm7KEiJ+PGdoAGKZQWu92xB16kOPArirHSU=", "last_login": "2019-12-09T17:38:03.864Z", "is_superuser": false, "username": "eugenewere12", "first_name": "", "last_name": "", "email": "", "is_staff": false, "is_active": true, "date_joined": "2019-12-06T10:23:04.993Z", "groups": [], "user_permissions": []}}, {"model": "auth.user", "pk": 5, "fields": {"password": "pbkdf2_sha256$150000$zM694O0lVTR8$COQGdhEbG38uxXFA1wJjEWX+hoRx5lLn0XCCyVXdidM=", "last_login": "2020-01-20T13:12:42.465Z", "is_superuser": false, "username": "eugene.were@yahoo.com", "first_name": "", "last_name": "", "email": "", "is_staff": false, "is_active": true, "date_joined": "2019-12-06T10:23:35.251Z", "groups": [], "user_permissions": []}}, {"model": "auth.user", "pk": 6, "fields": {"password": "pbkdf2_sha256$150000$22661OfKEKjO$4PMGvKlWalTwnzIpGNwBAPDWBw/JaAUFQFY2bKWy5qk=", "last_login": null, "is_superuser": false, "username": "0703030030", "first_name": "", "last_name": "", "email": "", "is_staff": false, "is_active": true, "date_joined": "2019-12-09T17:17:19.761Z", "groups": [], "user_permissions": []}}, {"model": "auth.user", "pk": 10, "fields": {"password": "pbkdf2_sha256$150000$tahkXaX2YxlD$FNy7SZ6eIRSCvbW2SShhqS7z5PU5EmCDwM+sCWLQ7Pk=", "last_login": null, "is_superuser": false, "username": "0704049300", "first_name": "", "last_name": "", "email": "", "is_staff": false, "is_active": true, "date_joined": "2019-12-09T17:27:41.112Z", "groups": [], "user_permissions": []}}, {"model": "auth.user", "pk": 11, "fields": {"password": "pbkdf2_sha256$150000$hRZ51DrYk409$Pa1IancLj3ypOcOtlf55zPjG2jeqLkZID80ixfUyEjQ=", "last_login": "2020-02-26T10:29:58.016Z", "is_superuser": false, "username": "0700020958", "first_name": "eugene", "last_name": "were", "email": "", "is_staff": false, "is_active": true, "date_joined": "2019-12-09T20:00:37.611Z", "groups": [], "user_permissions": []}}, {"model": "auth.user", "pk": 12, "fields": {"password": "pbkdf2_sha256$150000$t8sOa71eke1F$lgPzV7jXJDXvQGh6MbylUzuU8BGffqQ1BBxnZHXglHs=", "last_login": "2020-02-20T12:37:03.404Z", "is_superuser": true, "username": "Brian", "first_name": "", "last_name": "", "email": "brigeveriz7@gmail.com", "is_staff": true, "is_active": true, "date_joined": "2020-02-17T15:22:36.246Z", "groups": [], "user_permissions": []}}, {"model": "auth.user", "pk": 13, "fields": {"password": "pbkdf2_sha256$150000$WqBupaRikp8W$jXGzqns+EGnSv9nXPVr5IT+tLHUfHnkIjHTIlGA4KV8=", "last_login": null, "is_superuser": false, "username": "0707320000", "first_name": "Brian", "last_name": "Gachiri", "email": "", "is_staff": false, "is_active": true, "date_joined": "2020-02-20T07:11:26.926Z", "groups": [], "user_permissions": []}}, {"model": "sessions.session", "pk": "27cftatpo8wu3ak64wx0z5idhst7aujp", "fields": {"session_data": "ZTEyODVkZThkNGJiNDc4NWVkOTlhNTZhZjBiNDFiYjVkNDY3YTRmNTp7fQ==", "expire_date": "2020-02-25T13:54:46.391Z"}}, {"model": "sessions.session", "pk": "2jqu4ae9z9kja0tnasxcv1du3t1s06th", "fields": {"session_data": "NGUyZjA4NDc0MmMzNzFjYjI3ZmI0MzAwN2E4YzU5ZDkyZjI3ZWU4NTp7Il9hdXRoX3VzZXJfaWQiOiIyIiwiX2F1dGhfdXNlcl9iYWNrZW5kIjoiZGphbmdvLmNvbnRyaWIuYXV0aC5iYWNrZW5kcy5Nb2RlbEJhY2tlbmQiLCJfYXV0aF91c2VyX2hhc2giOiJlMTRmOTc5N2E3YTM0OGYwOWU3MGMwYTAwNjUwM2VlMmMwZTZjYTY2Iiwic3dlZXRpZnkiOiJ7XCJzaG93Q29uZmlybUJ1dHRvblwiOiB0cnVlLCBcInRpbWVyXCI6IG51bGwsIFwiYWxsb3dPdXRzaWRlQ2xpY2tcIjogZmFsc2UsIFwiY29uZmlybUJ1dHRvblRleHRcIjogXCJDb250aW51ZVwiLCBcInRleHRcIjogXCJXZWxjb21lIEFkbWluXCIsIFwidHlwZVwiOiBcInN1Y2Nlc3NcIiwgXCJ0aXRsZVwiOiBcIlN1Y2Nlc3NcIn0ifQ==", "expire_date": "2020-01-30T19:02:10.945Z"}}, {"model": "sessions.session", "pk": "4b2l10x3tvmg3hunevdn9o82ftqbzxq1", "fields": {"session_data": "NjM3YzBlYWFlNmRjOGQwMGU4YTAyYjg1ZmE0M2MyMWYwYTZiY2NjNTp7Il9hdXRoX3VzZXJfaWQiOiIxIiwiX2F1dGhfdXNlcl9iYWNrZW5kIjoiZGphbmdvLmNvbnRyaWIuYXV0aC5iYWNrZW5kcy5Nb2RlbEJhY2tlbmQiLCJfYXV0aF91c2VyX2hhc2giOiJkZWE2YjEzZmE2YmNmODFhYTBmOTMzNzcwYzJjY2FhZjM1Mjk4NjQxIn0=", "expire_date": "2020-02-25T15:07:57.851Z"}}, {"model": "sessions.session", "pk": "4zyvqjy3ypm08324gub3oq1d0dov4jck", "fields": {"session_data": "MTlkYTNiODZmMzNiMTNmMzc2Nzk5MTJjMjQ2Mzk5YzUzYmE1ZjVjYTp7Il9hdXRoX3VzZXJfaWQiOiIxIiwiX2F1dGhfdXNlcl9iYWNrZW5kIjoiZGphbmdvLmNvbnRyaWIuYXV0aC5iYWNrZW5kcy5Nb2RlbEJhY2tlbmQiLCJfYXV0aF91c2VyX2hhc2giOiJkZWE2YjEzZmE2YmNmODFhYTBmOTMzNzcwYzJjY2FhZjM1Mjk4NjQxIiwic3dlZXRpZnkiOiJ7XCJzaG93Q29uZmlybUJ1dHRvblwiOiB0cnVlLCBcInRpbWVyXCI6IG51bGwsIFwiYWxsb3dPdXRzaWRlQ2xpY2tcIjogZmFsc2UsIFwiY29uZmlybUJ1dHRvblRleHRcIjogXCJDb250aW51ZVwiLCBcInRleHRcIjogXCJXZWxjb21lIHRvIE1hc2hreXNcIiwgXCJ0eXBlXCI6IFwic3VjY2Vzc1wiLCBcInRpdGxlXCI6IFwiU3VjY2Vzc1wifSJ9", "expire_date": "2020-01-26T15:32:20.911Z"}}, {"model": "sessions.session", "pk": "54r8y0qgxjzig6qokatzx89xje3gch3h", "fields": {"session_data": "N2EyNTBhMzQyYWUzNmRiMzgzMTA2YzBiOTgwODAxYmVlOGIyNjRhZDp7Il9hdXRoX3VzZXJfaWQiOiIyIiwiX2F1dGhfdXNlcl9iYWNrZW5kIjoiZGphbmdvLmNvbnRyaWIuYXV0aC5iYWNrZW5kcy5Nb2RlbEJhY2tlbmQiLCJfYXV0aF91c2VyX2hhc2giOiJlMTRmOTc5N2E3YTM0OGYwOWU3MGMwYTAwNjUwM2VlMmMwZTZjYTY2Iiwic3dlZXRpZnkiOiJ7XCJzaG93Q29uZmlybUJ1dHRvblwiOiB0cnVlLCBcInRpbWVyXCI6IG51bGwsIFwiYWxsb3dPdXRzaWRlQ2xpY2tcIjogZmFsc2UsIFwiY29uZmlybUJ1dHRvblRleHRcIjogXCJSZXRyeVwiLCBcInRleHRcIjogXCJXZWxjb21lIEFkbWluXCIsIFwidHlwZVwiOiBcInN1Y2Nlc3NcIiwgXCJ0aXRsZVwiOiBcIlN1Y2Nlc3NcIn0ifQ==", "expire_date": "2019-12-20T10:23:56.900Z"}}, {"model": "sessions.session", "pk": "8biy6ocdvri9yevoktfquugn9zd318wi", "fields": {"session_data": "NjAwYTI0YzBkOWI0MTBjZWQzZWM0MWYyYjY3NmRhYzdmMjMwZDQ0Yzp7Il9hdXRoX3VzZXJfaWQiOiIxMSIsIl9hdXRoX3VzZXJfYmFja2VuZCI6ImRqYW5nby5jb250cmliLmF1dGguYmFja2VuZHMuTW9kZWxCYWNrZW5kIiwiX2F1dGhfdXNlcl9oYXNoIjoiYjliNDQ0ODgwMmNiN2NkMzFiYjU3ZGVjN2E3N2YxM2FiNThkOGE3NiJ9", "expire_date": "2020-02-21T07:42:47.969Z"}}, {"model": "sessions.session", "pk": "8e17z8xmsrvrtcwo23w7085ytjt451lt", "fields": {"session_data": "NjAwYTI0YzBkOWI0MTBjZWQzZWM0MWYyYjY3NmRhYzdmMjMwZDQ0Yzp7Il9hdXRoX3VzZXJfaWQiOiIxMSIsIl9hdXRoX3VzZXJfYmFja2VuZCI6ImRqYW5nby5jb250cmliLmF1dGguYmFja2VuZHMuTW9kZWxCYWNrZW5kIiwiX2F1dGhfdXNlcl9oYXNoIjoiYjliNDQ0ODgwMmNiN2NkMzFiYjU3ZGVjN2E3N2YxM2FiNThkOGE3NiJ9", "expire_date": "2020-02-15T23:29:52.017Z"}}, {"model": "sessions.session", "pk": "8g2avw30s7b5mlzj5r9dk49wfza4pmis", "fields": {"session_data": "NGUyZjA4NDc0MmMzNzFjYjI3ZmI0MzAwN2E4YzU5ZDkyZjI3ZWU4NTp7Il9hdXRoX3VzZXJfaWQiOiIyIiwiX2F1dGhfdXNlcl9iYWNrZW5kIjoiZGphbmdvLmNvbnRyaWIuYXV0aC5iYWNrZW5kcy5Nb2RlbEJhY2tlbmQiLCJfYXV0aF91c2VyX2hhc2giOiJlMTRmOTc5N2E3YTM0OGYwOWU3MGMwYTAwNjUwM2VlMmMwZTZjYTY2Iiwic3dlZXRpZnkiOiJ7XCJzaG93Q29uZmlybUJ1dHRvblwiOiB0cnVlLCBcInRpbWVyXCI6IG51bGwsIFwiYWxsb3dPdXRzaWRlQ2xpY2tcIjogZmFsc2UsIFwiY29uZmlybUJ1dHRvblRleHRcIjogXCJDb250aW51ZVwiLCBcInRleHRcIjogXCJXZWxjb21lIEFkbWluXCIsIFwidHlwZVwiOiBcInN1Y2Nlc3NcIiwgXCJ0aXRsZVwiOiBcIlN1Y2Nlc3NcIn0ifQ==", "expire_date": "2020-01-22T11:09:09.571Z"}}, {"model": "sessions.session", "pk": "ad4exqtx0maqzzuh2nav3exumbpkspe4", "fields": {"session_data": "N2MyZDMyYTVmN2VkOGJmZjY3YTY3MTU1M2Q4ZjY1MzlkY2RjZDRkNDp7Il9hdXRoX3VzZXJfaWQiOiIyIiwiX2F1dGhfdXNlcl9iYWNrZW5kIjoiZGphbmdvLmNvbnRyaWIuYXV0aC5iYWNrZW5kcy5Nb2RlbEJhY2tlbmQiLCJfYXV0aF91c2VyX2hhc2giOiJlMTRmOTc5N2E3YTM0OGYwOWU3MGMwYTAwNjUwM2VlMmMwZTZjYTY2In0=", "expire_date": "2020-02-19T12:13:51.667Z"}}, {"model": "sessions.session", "pk": "c4z6e9yd8gr7488l9s1avq3wgbu7el8o", "fields": {"session_data": "NjAwYTI0YzBkOWI0MTBjZWQzZWM0MWYyYjY3NmRhYzdmMjMwZDQ0Yzp7Il9hdXRoX3VzZXJfaWQiOiIxMSIsIl9hdXRoX3VzZXJfYmFja2VuZCI6ImRqYW5nby5jb250cmliLmF1dGguYmFja2VuZHMuTW9kZWxCYWNrZW5kIiwiX2F1dGhfdXNlcl9oYXNoIjoiYjliNDQ0ODgwMmNiN2NkMzFiYjU3ZGVjN2E3N2YxM2FiNThkOGE3NiJ9", "expire_date": "2020-02-16T13:28:05.106Z"}}, {"model": "sessions.session", "pk": "g8am9hxxd51g56y07cogb6aaxllfbyjz", "fields": {"session_data": "NjM3YzBlYWFlNmRjOGQwMGU4YTAyYjg1ZmE0M2MyMWYwYTZiY2NjNTp7Il9hdXRoX3VzZXJfaWQiOiIxIiwiX2F1dGhfdXNlcl9iYWNrZW5kIjoiZGphbmdvLmNvbnRyaWIuYXV0aC5iYWNrZW5kcy5Nb2RlbEJhY2tlbmQiLCJfYXV0aF91c2VyX2hhc2giOiJkZWE2YjEzZmE2YmNmODFhYTBmOTMzNzcwYzJjY2FhZjM1Mjk4NjQxIn0=", "expire_date": "2020-02-20T20:28:15.744Z"}}, {"model": "sessions.session", "pk": "ge9dksmappfeiyb3iup532uoira8tysm", "fields": {"session_data": "N2MyZDMyYTVmN2VkOGJmZjY3YTY3MTU1M2Q4ZjY1MzlkY2RjZDRkNDp7Il9hdXRoX3VzZXJfaWQiOiIyIiwiX2F1dGhfdXNlcl9iYWNrZW5kIjoiZGphbmdvLmNvbnRyaWIuYXV0aC5iYWNrZW5kcy5Nb2RlbEJhY2tlbmQiLCJfYXV0aF91c2VyX2hhc2giOiJlMTRmOTc5N2E3YTM0OGYwOWU3MGMwYTAwNjUwM2VlMmMwZTZjYTY2In0=", "expire_date": "2020-02-21T14:02:45.738Z"}}, {"model": "sessions.session", "pk": "k9t4gvcjr4g15lk2ijclmzdbe8v7vczl", "fields": {"session_data": "OTFkNDczNDRkY2U3YjFiZDgxN2Q3NWJiYzVmMmQ2MjQ0OGFmZWY2ZTp7Il9hdXRoX3VzZXJfaWQiOiIxIiwiX2F1dGhfdXNlcl9iYWNrZW5kIjoiZGphbmdvLmNvbnRyaWIuYXV0aC5iYWNrZW5kcy5Nb2RlbEJhY2tlbmQiLCJfYXV0aF91c2VyX2hhc2giOiJkZWE2YjEzZmE2YmNmODFhYTBmOTMzNzcwYzJjY2FhZjM1Mjk4NjQxIiwic3dlZXRpZnkiOiJ7XCJzaG93Q29uZmlybUJ1dHRvblwiOiB0cnVlLCBcInRpbWVyXCI6IG51bGwsIFwiYWxsb3dPdXRzaWRlQ2xpY2tcIjogZmFsc2UsIFwiY29uZmlybUJ1dHRvblRleHRcIjogXCJSZXRyeVwiLCBcInRleHRcIjogXCJXZWxjb21lIHRvIE1hc2hreXNcIiwgXCJ0eXBlXCI6IFwic3VjY2Vzc1wiLCBcInRpdGxlXCI6IFwiU3VjY2Vzc1wifSJ9", "expire_date": "2020-01-03T10:47:25.786Z"}}, {"model": "sessions.session", "pk": "ky8g87oamtfk9l5ftiaz0vp1de3b1eud", "fields": {"session_data": "YzFmNzE3NDQ1ZjRiOTcyZDdkNzM2MmEwNTE2YzdkMDJiZTIwMWIwZTp7Il9hdXRoX3VzZXJfaWQiOiIzIiwiX2F1dGhfdXNlcl9iYWNrZW5kIjoiZGphbmdvLmNvbnRyaWIuYXV0aC5iYWNrZW5kcy5Nb2RlbEJhY2tlbmQiLCJfYXV0aF91c2VyX2hhc2giOiJlYWQ5NDQwNThmMTYwYjc4MTk1ZGUyMDZhMDhmNDdiNWFiNDI4ZWE1In0=", "expire_date": "2020-01-25T21:30:54.979Z"}}, {"model": "sessions.session", "pk": "ogipncvtltfjy9smvzhajr4fdlzaupfu", "fields": {"session_data": "OTFkNDczNDRkY2U3YjFiZDgxN2Q3NWJiYzVmMmQ2MjQ0OGFmZWY2ZTp7Il9hdXRoX3VzZXJfaWQiOiIxIiwiX2F1dGhfdXNlcl9iYWNrZW5kIjoiZGphbmdvLmNvbnRyaWIuYXV0aC5iYWNrZW5kcy5Nb2RlbEJhY2tlbmQiLCJfYXV0aF91c2VyX2hhc2giOiJkZWE2YjEzZmE2YmNmODFhYTBmOTMzNzcwYzJjY2FhZjM1Mjk4NjQxIiwic3dlZXRpZnkiOiJ7XCJzaG93Q29uZmlybUJ1dHRvblwiOiB0cnVlLCBcInRpbWVyXCI6IG51bGwsIFwiYWxsb3dPdXRzaWRlQ2xpY2tcIjogZmFsc2UsIFwiY29uZmlybUJ1dHRvblRleHRcIjogXCJSZXRyeVwiLCBcInRleHRcIjogXCJXZWxjb21lIHRvIE1hc2hreXNcIiwgXCJ0eXBlXCI6IFwic3VjY2Vzc1wiLCBcInRpdGxlXCI6IFwiU3VjY2Vzc1wifSJ9", "expire_date": "2020-01-23T16:38:59.824Z"}}, {"model": "sessions.session", "pk": "q31sitmeffjmjfcv64uv407qa255qcpg", "fields": {"session_data": "NjAwYTI0YzBkOWI0MTBjZWQzZWM0MWYyYjY3NmRhYzdmMjMwZDQ0Yzp7Il9hdXRoX3VzZXJfaWQiOiIxMSIsIl9hdXRoX3VzZXJfYmFja2VuZCI6ImRqYW5nby5jb250cmliLmF1dGguYmFja2VuZHMuTW9kZWxCYWNrZW5kIiwiX2F1dGhfdXNlcl9oYXNoIjoiYjliNDQ0ODgwMmNiN2NkMzFiYjU3ZGVjN2E3N2YxM2FiNThkOGE3NiJ9", "expire_date": "2020-02-03T22:48:21.169Z"}}, {"model": "sessions.session", "pk": "s79j5g0wwzt1esey1myvwx12c9q72ts7", "fields": {"session_data": "NjM3YzBlYWFlNmRjOGQwMGU4YTAyYjg1ZmE0M2MyMWYwYTZiY2NjNTp7Il9hdXRoX3VzZXJfaWQiOiIxIiwiX2F1dGhfdXNlcl9iYWNrZW5kIjoiZGphbmdvLmNvbnRyaWIuYXV0aC5iYWNrZW5kcy5Nb2RlbEJhY2tlbmQiLCJfYXV0aF91c2VyX2hhc2giOiJkZWE2YjEzZmE2YmNmODFhYTBmOTMzNzcwYzJjY2FhZjM1Mjk4NjQxIn0=", "expire_date": "2020-03-11T10:52:52.921Z"}}, {"model": "sessions.session", "pk": "sqb1rzsgqukw2xawmo1vjwpujj0c7v5a", "fields": {"session_data": "YzUxZTQyYTc0MmU2NzliY2FkOGUyMmYxYWI1ZDI4MDJmZGE0NGM5MTp7Il9hdXRoX3VzZXJfaWQiOiIxMiIsIl9hdXRoX3VzZXJfYmFja2VuZCI6ImRqYW5nby5jb250cmliLmF1dGguYmFja2VuZHMuTW9kZWxCYWNrZW5kIiwiX2F1dGhfdXNlcl9oYXNoIjoiNzk1ZGVlZWZlNzI2OTBkMzkwMjI1MTAwYjIwYmY4OTk3YTNhYTAzZSJ9", "expire_date": "2020-03-05T12:37:03.577Z"}}, {"model": "sessions.session", "pk": "tkfvamakzie9fkotp6ldje509242njm1", "fields": {"session_data": "YzUxZTQyYTc0MmU2NzliY2FkOGUyMmYxYWI1ZDI4MDJmZGE0NGM5MTp7Il9hdXRoX3VzZXJfaWQiOiIxMiIsIl9hdXRoX3VzZXJfYmFja2VuZCI6ImRqYW5nby5jb250cmliLmF1dGguYmFja2VuZHMuTW9kZWxCYWNrZW5kIiwiX2F1dGhfdXNlcl9oYXNoIjoiNzk1ZGVlZWZlNzI2OTBkMzkwMjI1MTAwYjIwYmY4OTk3YTNhYTAzZSJ9", "expire_date": "2020-03-02T15:24:53.308Z"}}, {"model": "sessions.session", "pk": "tw8cnc7z7owkeu9v0ibt0othlm5eyuz5", "fields": {"session_data": "ZTEyODVkZThkNGJiNDc4NWVkOTlhNTZhZjBiNDFiYjVkNDY3YTRmNTp7fQ==", "expire_date": "2020-02-25T11:42:59.804Z"}}, {"model": "sessions.session", "pk": "vcxeg5q858j4zv0aurahazhkzyseb3uy", "fields": {"session_data": "NjAwYTI0YzBkOWI0MTBjZWQzZWM0MWYyYjY3NmRhYzdmMjMwZDQ0Yzp7Il9hdXRoX3VzZXJfaWQiOiIxMSIsIl9hdXRoX3VzZXJfYmFja2VuZCI6ImRqYW5nby5jb250cmliLmF1dGguYmFja2VuZHMuTW9kZWxCYWNrZW5kIiwiX2F1dGhfdXNlcl9oYXNoIjoiYjliNDQ0ODgwMmNiN2NkMzFiYjU3ZGVjN2E3N2YxM2FiNThkOGE3NiJ9", "expire_date": "2020-02-03T22:45:56.531Z"}}, {"model": "sessions.session", "pk": "w3n56qb4lxe53aewvrrsprcn5mt0p40a", "fields": {"session_data": "NjM3YzBlYWFlNmRjOGQwMGU4YTAyYjg1ZmE0M2MyMWYwYTZiY2NjNTp7Il9hdXRoX3VzZXJfaWQiOiIxIiwiX2F1dGhfdXNlcl9iYWNrZW5kIjoiZGphbmdvLmNvbnRyaWIuYXV0aC5iYWNrZW5kcy5Nb2RlbEJhY2tlbmQiLCJfYXV0aF91c2VyX2hhc2giOiJkZWE2YjEzZmE2YmNmODFhYTBmOTMzNzcwYzJjY2FhZjM1Mjk4NjQxIn0=", "expire_date": "2020-03-05T12:29:43.707Z"}}, {"model": "sessions.session", "pk": "zdkyy09l817mdtbjd7mb3yol1xwihw91", "fields": {"session_data": "NjAwYTI0YzBkOWI0MTBjZWQzZWM0MWYyYjY3NmRhYzdmMjMwZDQ0Yzp7Il9hdXRoX3VzZXJfaWQiOiIxMSIsIl9hdXRoX3VzZXJfYmFja2VuZCI6ImRqYW5nby5jb250cmliLmF1dGguYmFja2VuZHMuTW9kZWxCYWNrZW5kIiwiX2F1dGhfdXNlcl9oYXNoIjoiYjliNDQ0ODgwMmNiN2NkMzFiYjU3ZGVjN2E3N2YxM2FiNThkOGE3NiJ9", "expire_date": "2020-03-11T10:49:18.135Z"}}, {"model": "androidAuthApi.shortcode", "pk": 30, "fields": {"short_code": "262458", "phone_number": "0706833784", "created_at": "2019-12-18T08:11:51.489Z", "updated_at": "2019-12-18T08:11:51.489Z"}}, {"model": "authtoken.token", "pk": "5fcb5fefe5acd16e6bb78a9aabd643616b1d2e2f", "fields": {"user": 1, "created": "2020-02-17T15:16:46.633Z"}}, {"model": "authtoken.token", "pk": "c8daf84c3e0ce0c875a3107ef7d4e1b8590acd88", "fields": {"user": 12, "created": "2020-02-17T15:24:52.749Z"}}, {"model": "authtoken.token", "pk": "ec35b7e9fd147456962ce3dd46d1997cec2f513a", "fields": {"user": 13, "created": "2020-02-20T07:11:27.503Z"}}, {"model": "sites.site", "pk": 1, "fields": {"domain": "example.com", "name": "example.com"}}, {"model": "shoppy.buyer", "pk": 3, "fields": {"phone_number": "0706833733", "groups": [], "user_permissions": []}}, {"model": "shoppy.buyer", "pk": 4, "fields": {"phone_number": "0706833776", "groups": [], "user_permissions": []}}, {"model": "shoppy.buyer", "pk": 5, "fields": {"phone_number": "0706833743", "groups": [], "user_permissions": []}}, {"model": "shoppy.buyer", "pk": 10, "fields": {"phone_number": "0704049300", "groups": [], "user_permissions": []}}, {"model": "shoppy.buyer", "pk": 11, "fields": {"phone_number": "0700020958", "groups": [], "user_permissions": []}}, {"model": "shoppy.buyer", "pk": 13, "fields": {"phone_number": "0707320000", "groups": [], "user_permissions": []}}, {"model": "shoppy.seller", "pk": 1, "fields": {"phone_number": "0706833784", "business_no": "test19974645", "store_logo": "store_logo/condensed_colour_logo.png", "store_name": "Mashkys", "status": "VERIFIED", "country": "NAIROBI", "groups": [], "user_permissions": []}}, {"model": "admin.logentry", "pk": 1, "fields": {"action_time": "2020-02-17T15:25:44.072Z", "user": 12, "content_type": 13, "object_id": "1", "object_repr": "Testing", "action_flag": 1, "change_message": "[{\"added\": {}}]"}}, {"model": "admin.logentry", "pk": 2, "fields": {"action_time": "2020-02-17T15:35:43.205Z", "user": 12, "content_type": 13, "object_id": "1", "object_repr": "Testing", "action_flag": 2, "change_message": "[{\"changed\": {\"fields\": [\"no_of_users\"]}}]"}}, {"model": "admin.logentry", "pk": 3, "fields": {"action_time": "2020-02-17T15:36:02.550Z", "user": 12, "content_type": 13, "object_id": "1", "object_repr": "Testing", "action_flag": 2, "change_message": "[{\"changed\": {\"fields\": [\"no_of_users\"]}}]"}}, {"model": "admin.logentry", "pk": 4, "fields": {"action_time": "2020-02-17T15:36:24.540Z", "user": 12, "content_type": 13, "object_id": "1", "object_repr": "Testing", "action_flag": 2, "change_message": "[{\"changed\": {\"fields\": [\"start_time\"]}}]"}}, {"model": "admin.logentry", "pk": 5, "fields": {"action_time": "2020-02-17T15:36:59.540Z", "user": 12, "content_type": 13, "object_id": "1", "object_repr": "Testing", "action_flag": 2, "change_message": "[{\"changed\": {\"fields\": [\"start_time\", \"end_time\"]}}]"}}, {"model": "admin.logentry", "pk": 6, "fields": {"action_time": "2020-02-17T15:37:31.874Z", "user": 12, "content_type": 13, "object_id": "1", "object_repr": "Testing", "action_flag": 2, "change_message": "[{\"changed\": {\"fields\": [\"end_time\"]}}]"}}, {"model": "admin.logentry", "pk": 7, "fields": {"action_time": "2020-02-20T12:23:35.075Z", "user": 12, "content_type": 13, "object_id": "1", "object_repr": "Testing", "action_flag": 2, "change_message": "[{\"changed\": {\"fields\": [\"end_time\"]}}]"}}, {"model": "admin.logentry", "pk": 8, "fields": {"action_time": "2020-02-20T12:37:41.532Z", "user": 12, "content_type": 13, "object_id": "2", "object_repr": "Another", "action_flag": 2, "change_message": "[{\"changed\": {\"fields\": [\"code\"]}}]"}}, {"model": "admin.logentry", "pk": 9, "fields": {"action_time": "2020-02-20T12:38:34.253Z", "user": 12, "content_type": 13, "object_id": "2", "object_repr": "Another", "action_flag": 2, "change_message": "[{\"changed\": {\"fields\": [\"start_time\", \"end_time\"]}}]"}}, {"model": "shoppy.product", "pk": 1, "fields": {"name": "Porcelain cups", "unit_cost": 2500, "product_brand": 2, "short_description": "This is a testproduct", "long_description": "<p>This is a testproductThis is a testproductThis is a testproductThis is a testproductThis is a testproductThis is a testproductThis is a testproductThis is a testproductThis is a testproduct</p>\r\n", "featured_url": "product_images/images.jpg", "category": 9, "status": "VERIFIED", "feat_product": "FEATURED", "vat_status": "VAT", "seller": 1, "created_at": "2019-12-05T12:28:21.906Z", "updated_at": "2019-12-05T12:28:21.906Z"}}, {"model": "shoppy.product", "pk": 2, "fields": {"name": "lighting one", "unit_cost": 1200, "product_brand": 5, "short_description": "This is a testproduct", "long_description": "<h3><strong>Lorem Ipsum</strong>&nbsp;is simply dummy text of the printing and typesetting industry. Lorem Ipsum has been the industry&#39;s standard dummy text ever since the 1500s, when an unknown printer took a galley of type and scrambled it to make a type specimen book. It has survived not only five centuries, but also the leap into electronic typesetting, remaining essentially unchanged. It was popularised in the 1960s with the release of Letraset sheets containing Lorem Ipsum passages, and more recently with desktop publishing software like Aldus PageMaker including versions of Lorem Ipsum.</h3>\r\n", "featured_url": "product_images/string-lights-in-kenya.jpg", "category": 10, "status": "VERIFIED", "feat_product": "FEATURED", "vat_status": "NO_VAT", "seller": 1, "created_at": "2019-12-05T12:31:37.513Z", "updated_at": "2019-12-05T12:31:37.513Z"}}, {"model": "shoppy.product", "pk": 3, "fields": {"name": "lighting 2", "unit_cost": 2300, "product_brand": 5, "short_description": "Lorem Ipsum is simply dummy text of the printing and typesetting industry. Lorem Ipsum has been the industry's standard dummy text ever since the 1500s, when an unknown printer took a galley of type and scrambled it to make a type specimen book. It has survived not only five centuries, but also the leap into electronic typesetting, remaining essentially unchanged. It was popularised in the 1960s with the release of Letraset sheets containing Lorem Ipsum passages, and more recently with desktop publishing software like Aldus PageMaker including versions of Lorem Ipsum.", "long_description": "<p><strong>Lorem Ipsum</strong>&nbsp;is simply dummy text of the printing and typesetting industry. Lorem Ipsum has been the industry&#39;s standard dummy text ever since the 1500s, when an unknown printer took a galley of type and scrambled it to make a type specimen book. It has survived not only five centuries, but also the leap into electronic typesetting, remaining essentially unchanged. It was popularised in the 1960s with the release of Letraset sheets containing Lorem Ipsum passages, and more recently with desktop publishing software like Aldus PageMaker including versions of Lorem Ipsum.</p>\r\n", "featured_url": "product_images/ac0966e61b8f351b234a5d5f0a400566eeafe498.jpeg", "category": 10, "status": "VERIFIED", "feat_product": "FEATURED", "vat_status": "NO_VAT", "seller": 1, "created_at": "2019-12-05T12:32:32.751Z", "updated_at": "2019-12-05T12:32:32.752Z"}}, {"model": "shoppy.product", "pk": 4, "fields": {"name": "tv cabinet 1", "unit_cost": 14000, "product_brand": 2, "short_description": "This is a testproduct", "long_description": "<p><strong>Lorem Ipsum</strong>&nbsp;is simply dummy text of the printing and typesetting industry. Lorem Ipsum has been the industry&#39;s standard dummy text ever since the 1500s, when an unknown printer took a galley of type and scrambled it to make a type specimen book. It has survived not only five centuries, but also the leap into electronic typesetting, remaining essentially unchanged. It was popularised in the 1960s with the release of Letraset sheets containing Lorem Ipsum passages, and more recently with desktop publishing software like Aldus PageMaker including versions of Lorem Ipsum.</p>\r\n", "featured_url": "product_images/1_3__158.jpg", "category": 8, "status": "VERIFIED", "feat_product": "FEATURED", "vat_status": "VAT", "seller": 1, "created_at": "2019-12-05T12:33:57.282Z", "updated_at": "2019-12-05T12:33:57.282Z"}}, {"model": "shoppy.product", "pk": 5, "fields": {"name": "tv cabinet 2", "unit_cost": 15000, "product_brand": 3, "short_description": "THis is productTHis is product", "long_description": "<p><strong>Lorem Ipsum</strong>&nbsp;is simply dummy text of the printing and typesetting industry. Lorem Ipsum has been the industry&#39;s standard dummy text ever since the 1500s, when an unknown printer took a galley of type and scrambled it to make a type specimen book. It has survived not only five centuries, but also the leap into electronic typesetting, remaining essentially unchanged. It was popularised in the 1960s with the release of Letraset sheets containing Lorem Ipsum passages, and more recently with desktop publishing software like Aldus PageMaker including versions of Lorem Ipsum.</p>\r\n", "featured_url": "product_images/87df94_53ca8411da0f48a1ab3acd4a484cda19_mv2_d_2000_1875_s_2.jpg", "category": 8, "status": "VERIFIED", "feat_product": "NORMAL", "vat_status": "NO_VAT", "seller": 1, "created_at": "2019-12-05T12:34:50.611Z", "updated_at": "2019-12-05T12:34:50.611Z"}}, {"model": "shoppy.product", "pk": 6, "fields": {"name": "Baby seat", "unit_cost": 10000, "product_brand": 5, "short_description": "Test Product for multiple images", "long_description": "<p><strong>Lorem Ipsum</strong>&nbsp;is simply dummy text of the printing and typesetting industry. Lorem Ipsum has been the industry&#39;s standard dummy text ever since the 1500s, when an unknown printer took a galley of type and scrambled it to make a type specimen book. It has survived not only five centuries, but also the leap into electronic typesetting, remaining essentially unchanged. It was popularised in the 1960s with the release of Letraset sheets containing Lorem Ipsum passages, and more recently with desktop publishing software like Aldus PageMaker including versions of Lorem Ipsum.</p>\r\n\r\n<p>&nbsp;</p>\r\n", "featured_url": "product_images/images_1.jpg", "category": 5, "status": "VERIFIED", "feat_product": "NORMAL", "vat_status": "NO_VAT", "seller": 1, "created_at": "2019-12-05T12:36:41.372Z", "updated_at": "2019-12-05T12:36:41.372Z"}}, {"model": "shoppy.product", "pk": 7, "fields": {"name": "low table", "unit_cost": 20000, "product_brand": 5, "short_description": "Test Product for multiple images", "long_description": "<p><strong>Lorem Ipsum</strong>&nbsp;is simply dummy text of the printing and typesetting industry. Lorem Ipsum has been the industry&#39;s standard dummy text ever since the 1500s, when an unknown printer took a galley of type and scrambled it to make a type specimen book. It has survived not only five centuries, but also the leap into electronic typesetting, remaining essentially unchanged. It was popularised in the 1960s with the release of Letraset sheets containing Lorem Ipsum passages, and more recently with desktop publishing software like Aldus PageMaker including versions of Lorem Ipsum.</p>\r\n", "featured_url": "product_images/product_image_d9e75ebd-4ff5-4187-aee0-daee31393b4a.jpg", "category": 8, "status": "VERIFIED", "feat_product": "NORMAL", "vat_status": "VAT", "seller": 1, "created_at": "2019-12-05T12:38:41.795Z", "updated_at": "2019-12-05T12:38:41.796Z"}}, {"model": "shoppy.product", "pk": 8, "fields": {"name": "tv cabinet 2", "unit_cost": 30000, "product_brand": 2, "short_description": "This is a testproduct", "long_description": "<p><strong>Lorem Ipsum</strong>&nbsp;is simply dummy text of the printing and typesetting industry. Lorem Ipsum has been the industry&#39;s standard dummy text ever since the 1500s, when an unknown printer took a galley of type and scrambled it to make a type specimen book. It has survived not only five centuries, but also the leap into electronic typesetting, remaining essentially unchanged. It was popularised in the 1960s with the release of Letraset sheets containing Lorem Ipsum passages, and more recently with desktop publishing software like Aldus PageMaker including versions of Lorem Ipsum.</p>\r\n", "featured_url": "product_images/87df94_53ca8411da0f48a1ab3acd4a484cda19_mv2_d_2000_1875_s_2_PvR4wZO.jpg", "category": 8, "status": "VERIFIED", "feat_product": "NORMAL", "vat_status": "VAT", "seller": 1, "created_at": "2020-02-01T17:54:10.899Z", "updated_at": "2020-02-01T17:54:10.900Z"}}, {"model": "shoppy.product", "pk": 9, "fields": {"name": "Boss Baby cribbs", "unit_cost": 126745, "product_brand": 2, "short_description": "This is a testproductd", "long_description": "<p><strong>Lorem Ipsum</strong>&nbsp;is simply dummy text of the printing and typesetting industry. Lorem Ipsum has been the industry&#39;s standard dummy text ever since the 1500s, when an unknown printer took a galley of type and scrambled it to make a type specimen book. It has survived not only five centuries, but also the leap into electronic typesetting, remaining essentially unchanged. It was popularised in the 1960s with the release of Letraset sheets containing Lorem Ipsum passages, and more recently with desktop publishing software like Aldus PageMaker including versions of Lorem Ipsum.</p>", "featured_url": "product_images/images_1_jEGGjgQ.jpg", "category": 13, "status": "VERIFIED", "feat_product": "FEATURED", "vat_status": "NO_VAT", "seller": 1, "created_at": "2020-02-01T18:28:28.204Z", "updated_at": "2020-02-01T21:43:57.554Z"}}, {"model": "shoppy.product", "pk": 10, "fields": {"name": "light 555", "unit_cost": 30000, "product_brand": 5, "short_description": "some little description", "long_description": "<p><strong>Lorem Ipsum</strong>&nbsp;is simply dummy text of the printing and typesetting industry. Lorem Ipsum has been the industry&#39;s standard dummy text ever since the 1500s, when an unknown printer took a galley of type and scrambled it to make a type specimen book. It has survived not only five centuries, but also the leap into electronic typesetting, remaining essentially unchanged. It was popularised in the 1960s with the release of Letraset s</p>\r\n", "featured_url": "product_images/ac0966e61b8f351b234a5d5f0a400566eeafe498_i72IXzm.jpeg", "category": 10, "status": "VERIFIED", "feat_product": "NORMAL", "vat_status": "VAT", "seller": 1, "created_at": "2020-02-01T18:57:06.082Z", "updated_at": "2020-02-01T18:57:06.082Z"}}, {"model": "shoppy.review", "pk": 1, "fields": {"buyer": 3, "product": 3, "comments": "its a good product\r\n\r\n\r\n", "ratings": 3, "created_at": "2020-01-08T13:25:40.280Z", "updated_at": "2020-01-08T13:25:40.280Z"}}, {"model": "shoppy.review", "pk": 2, "fields": {"buyer": 3, "product": 3, "comments": "its nice\r\n", "ratings": 3, "created_at": "2020-01-08T13:40:43.158Z", "updated_at": "2020-01-08T13:40:43.158Z"}}, {"model": "shoppy.review", "pk": 3, "fields": {"buyer": 3, "product": 3, "comments": "greate", "ratings": 0, "created_at": "2020-01-08T13:52:54.278Z", "updated_at": "2020-01-08T13:52:54.278Z"}}, {"model": "shoppy.review", "pk": 4, "fields": {"buyer": 3, "product": 3, "comments": "greate", "ratings": 0, "created_at": "2020-01-08T13:54:10.456Z", "updated_at": "2020-01-08T13:54:10.456Z"}}, {"model": "shoppy.review", "pk": 5, "fields": {"buyer": 3, "product": 3, "comments": "nicr", "ratings": 0, "created_at": "2020-01-08T13:54:38.694Z", "updated_at": "2020-01-08T13:54:38.694Z"}}, {"model": "shoppy.review", "pk": 6, "fields": {"buyer": 3, "product": 3, "comments": "supab\r\n", "ratings": 2, "created_at": "2020-01-08T13:59:03.554Z", "updated_at": "2020-01-08T13:59:03.555Z"}}, {"model": "shoppy.review", "pk": 7, "fields": {"buyer": 3, "product": 3, "comments": "supab\r\n", "ratings": 2, "created_at": "2020-01-08T14:00:30.668Z", "updated_at": "2020-01-08T14:00:30.668Z"}}, {"model": "shoppy.review", "pk": 8, "fields": {"buyer": 3, "product": 3, "comments": "supab\r\n", "ratings": 2, "created_at": "2020-01-08T14:00:43.665Z", "updated_at": "2020-01-08T14:00:43.665Z"}}, {"model": "shoppy.wishlist", "pk": 1, "fields": {"product": 3, "buyer": 3, "created_at": "2020-01-08T14:20:30.173Z", "updated_at": "2020-01-08T14:20:30.173Z"}}, {"model": "shoppy.wishlist", "pk": 54, "fields": {"product": 7, "buyer": 11, "created_at": "2020-02-02T13:46:55.896Z", "updated_at": "2020-02-02T13:46:55.896Z"}}, {"model": "shoppy.wishlist", "pk": 55, "fields": {"product": 6, "buyer": 11, "created_at": "2020-02-02T15:20:26.803Z", "updated_at": "2020-02-02T15:20:26.803Z"}}, {"model": "shoppy.wishlist", "pk": 59, "fields": {"product": 4, "buyer": 11, "created_at": "2020-02-07T10:57:08.023Z", "updated_at": "2020-02-07T10:57:08.023Z"}}, {"model": "shoppy.wishlist", "pk": 60, "fields": {"product": 3, "buyer": 11, "created_at": "2020-02-11T14:22:06.765Z", "updated_at": "2020-02-11T14:22:06.765Z"}}, {"model": "shoppy.region", "pk": 1, "fields": {"name": "Nairobi", "seller": 1, "region_cost": 200.0, "created_at": "2020-02-11T15:08:50.778Z", "updated_at": "2020-02-11T15:08:50.778Z"}}, {"model": "shoppy.region", "pk": 2, "fields": {"name": "thika", "seller": 1, "region_cost": 400.0, "created_at": "2020-02-11T15:09:52.279Z", "updated_at": "2020-02-11T15:09:52.279Z"}}, {"model": "shoppy.checkout", "pk": 19, "fields": {"buyer": 3, "phonenumber": "0706833733", "total": 3600.0, "reference_code": "MPPYH", "amount_paid": 3600.0, "shipping_cost": 0.0, "delivery": null, "created_at": "2020-01-11T16:53:25.668Z", "updated_at": "2020-01-11T16:53:25.668Z", "status": "PAID"}}, {"model": "shoppy.checkout", "pk": 20, "fields": {"buyer": 3, "phonenumber": "0706833733", "total": 99600.0, "reference_code": "MIXVJ", "amount_paid": 99600.0, "shipping_cost": 0.0, "delivery": null, "created_at": "2020-01-11T17:04:34.217Z", "updated_at": "2020-01-11T17:04:34.217Z", "status": "PAID"}}, {"model": "shoppy.checkout", "pk": 21, "fields": {"buyer": 3, "phonenumber": "0706833733", "total": 32480.0, "reference_code": "MGBVF", "amount_paid": 32480.0, "shipping_cost": 0.0, "delivery": null, "created_at": "2020-01-11T17:27:28.320Z", "updated_at": "2020-01-11T17:27:28.320Z", "status": "PAID"}}, {"model": "shoppy.checkout", "pk": 22, "fields": {"buyer": 3, "phonenumber": "0706833733", "total": 15000.0, "reference_code": "MRY9Q", "amount_paid": 15100.0, "shipping_cost": 0.0, "delivery": null, "created_at": "2020-01-11T17:45:27.792Z", "updated_at": "2020-01-11T17:45:27.792Z", "status": "PAID"}}, {"model": "shoppy.checkout", "pk": 23, "fields": {"buyer": 3, "phonenumber": "0706833733", "total": 3600.0, "reference_code": "MZ9JZ", "amount_paid": 3690.0, "shipping_cost": 0.0, "delivery": null, "created_at": "2020-01-11T18:20:17.405Z", "updated_at": "2020-01-11T18:20:17.405Z", "status": "PAID"}}, {"model": "shoppy.checkout", "pk": 24, "fields": {"buyer": 3, "phonenumber": "0706833733", "total": 20000.0, "reference_code": "MVNVQ", "amount_paid": 20000.0, "shipping_cost": 0.0, "delivery": null, "created_at": "2020-01-11T18:25:47.057Z", "updated_at": "2020-01-11T18:25:47.057Z", "status": "PAID"}}, {"model": "shoppy.checkout", "pk": 25, "fields": {"buyer": 3, "phonenumber": "0706833733", "total": 1200.0, "reference_code": "MH7QI", "amount_paid": 1200.0, "shipping_cost": 0.0, "delivery": null, "created_at": "2020-01-11T18:30:31.859Z", "updated_at": "2020-01-11T18:30:31.859Z", "status": "PAID"}}, {"model": "shoppy.checkout", "pk": 27, "fields": {"buyer": 3, "phonenumber": "0706833733", "total": 11200.0, "reference_code": "MY68L", "amount_paid": 11290.0, "shipping_cost": 0.0, "delivery": null, "created_at": "2020-01-11T20:13:41.906Z", "updated_at": "2020-01-11T20:13:41.906Z", "status": "PAID"}}, {"model": "shoppy.checkout", "pk": 28, "fields": {"buyer": 3, "phonenumber": "0706833733", "total": 134560.0, "reference_code": "MB9QZ", "amount_paid": 134560.0, "shipping_cost": 0.0, "delivery": null, "created_at": "2020-01-11T20:23:00.380Z", "updated_at": "2020-01-11T20:23:00.380Z", "status": "PAID"}}, {"model": "shoppy.checkout", "pk": 29, "fields": {"buyer": 3, "phonenumber": "0706833733", "total": 60000.0, "reference_code": "M1F4W", "amount_paid": 65000.0, "shipping_cost": 0.0, "delivery": null, "created_at": "2020-01-11T21:30:54.432Z", "updated_at": "2020-01-11T21:30:54.432Z", "status": "PAID"}}, {"model": "shoppy.checkout", "pk": 30, "fields": {"buyer": 11, "phonenumber": "0700020958", "total": 19540.0, "reference_code": "MNTU3", "amount_paid": 0.0, "shipping_cost": 0.0, "delivery": 2, "created_at": "2020-02-26T10:32:10.460Z", "updated_at": "2020-02-26T10:32:10.461Z", "status": "PENDING"}}, {"model": "shoppy.order_product", "pk": 13, "fields": {"product": 2, "buyer": 3, "session": null, "checkout": 19, "quantity": 3, "total": 3600.0, "created_at": "2020-01-11T16:53:11.567Z", "updated_at": "2020-01-11T16:53:11.567Z"}}, {"model": "shoppy.order_product", "pk": 14, "fields": {"product": 7, "buyer": 3, "session": null, "checkout": 20, "quantity": 3, "total": 69600.0, "created_at": "2020-01-11T17:02:43.416Z", "updated_at": "2020-01-11T17:02:43.416Z"}}, {"model": "shoppy.order_product", "pk": 15, "fields": {"product": 6, "buyer": 3, "session": null, "checkout": 20, "quantity": 3, "total": 30000.0, "created_at": "2020-01-11T17:03:01.160Z", "updated_at": "2020-01-11T17:03:01.160Z"}}, {"model": "shoppy.order_product", "pk": 16, "fields": {"product": 4, "buyer": 3, "session": null, "checkout": 21, "quantity": 2, "total": 32479.0, "created_at": "2020-01-11T17:23:56.930Z", "updated_at": "2020-01-11T17:23:56.930Z"}}, {"model": "shoppy.order_product", "pk": 17, "fields": {"product": 5, "buyer": 3, "session": null, "checkout": 22, "quantity": 1, "total": 15000.0, "created_at": "2020-01-11T17:44:15.909Z", "updated_at": "2020-01-11T17:44:15.909Z"}}, {"model": "shoppy.order_product", "pk": 18, "fields": {"product": 2, "buyer": 3, "session": null, "checkout": 23, "quantity": 3, "total": 3600.0, "created_at": "2020-01-11T18:18:34.184Z", "updated_at": "2020-01-11T18:18:34.184Z"}}, {"model": "shoppy.order_product", "pk": 19, "fields": {"product": 6, "buyer": 3, "session": null, "checkout": 24, "quantity": 2, "total": 20000.0, "created_at": "2020-01-11T18:25:29.573Z", "updated_at": "2020-01-11T18:25:29.573Z"}}, {"model": "shoppy.order_product", "pk": 20, "fields": {"product": 2, "buyer": 3, "session": null, "checkout": 25, "quantity": 1, "total": 1200.0, "created_at": "2020-01-11T18:30:14.962Z", "updated_at": "2020-01-11T18:30:14.962Z"}}, {"model": "shoppy.order_product", "pk": 31, "fields": {"product": 2, "buyer": 3, "session": null, "checkout": 27, "quantity": 1, "total": 1200.0, "created_at": "2020-01-11T20:11:54.667Z", "updated_at": "2020-01-11T20:11:54.667Z"}}, {"model": "shoppy.order_product", "pk": 32, "fields": {"product": 7, "buyer": 3, "session": null, "checkout": 28, "quantity": 3, "total": 69600.0, "created_at": "2020-01-11T20:21:50.845Z", "updated_at": "2020-01-11T20:21:50.845Z"}}, {"model": "shoppy.order_product", "pk": 33, "fields": {"product": 4, "buyer": 3, "session": null, "checkout": 28, "quantity": 4, "total": 64959.0, "created_at": "2020-01-11T20:22:35.231Z", "updated_at": "2020-01-11T20:22:35.231Z"}}, {"model": "shoppy.order_product", "pk": 34, "fields": {"product": 5, "buyer": 3, "session": null, "checkout": 29, "quantity": 4, "total": 60000.0, "created_at": "2020-01-11T21:30:28.767Z", "updated_at": "2020-01-11T21:30:28.767Z"}}, {"model": "shoppy.order_product", "pk": 41, "fields": {"product": 1, "buyer": 11, "session": 2, "checkout": 30, "quantity": 1, "total": 2900.0, "created_at": "2020-02-11T11:37:15.483Z", "updated_at": "2020-02-11T11:37:15.483Z"}}, {"model": "shoppy.order_product", "pk": 42, "fields": {"product": 4, "buyer": 11, "session": 2, "checkout": 30, "quantity": 1, "total": 16239.999999999998, "created_at": "2020-02-11T11:38:12.642Z", "updated_at": "2020-02-11T11:38:12.642Z"}}, {"model": "shoppy.order_product", "pk": 43, "fields": {"product": 3, "buyer": null, "session": 4, "checkout": null, "quantity": 1, "total": 2300.0, "created_at": "2020-02-11T11:42:57.370Z", "updated_at": "2020-02-11T11:42:57.370Z"}}, {"model": "shoppy.order_product", "pk": 44, "fields": {"product": 1, "buyer": 11, "session": null, "checkout": null, "quantity": 1, "total": 2900.0, "created_at": "2020-02-26T10:49:07.330Z", "updated_at": "2020-02-26T10:49:07.331Z"}}, {"model": "shoppy.order_payment", "pk": 7, "fields": {"checkout": 19, "amount": 3600.0, "seller": 1, "balance": 0.0, "payment_refrence": "abcdef", "created_at": "2020-01-11T17:16:35.622Z", "updated_at": "2020-01-11T17:16:35.622Z"}}, {"model": "shoppy.order_payment", "pk": 8, "fields": {"checkout": 20, "amount": 99600.0, "seller": 1, "balance": 0.0, "payment_refrence": "eewwee", "created_at": "2020-01-11T17:18:02.823Z", "updated_at": "2020-01-11T17:18:02.823Z"}}, {"model": "shoppy.order_payment", "pk": 9, "fields": {"checkout": 21, "amount": 32480.0, "seller": 1, "balance": 0.0, "payment_refrence": "sadasd", "created_at": "2020-01-11T17:40:45.975Z", "updated_at": "2020-01-11T17:40:45.975Z"}}, {"model": "shoppy.order_payment", "pk": 10, "fields": {"checkout": 22, "amount": 15100.0, "seller": 1, "balance": 0.0, "payment_refrence": "fdbgfdhgdf", "created_at": "2020-01-11T18:07:56.467Z", "updated_at": "2020-01-11T18:07:56.467Z"}}, {"model": "shoppy.order_payment", "pk": 11, "fields": {"checkout": 23, "amount": 3690.0, "seller": 1, "balance": 0.0, "payment_refrence": "sazDvxf", "created_at": "2020-01-11T18:20:59.269Z", "updated_at": "2020-01-11T18:20:59.269Z"}}, {"model": "shoppy.order_payment", "pk": 12, "fields": {"checkout": 23, "amount": 3690.0, "seller": 1, "balance": 0.0, "payment_refrence": "sazDvxf", "created_at": "2020-01-11T18:21:33.196Z", "updated_at": "2020-01-11T18:21:33.196Z"}}, {"model": "shoppy.order_payment", "pk": 13, "fields": {"checkout": 24, "amount": 20000.0, "seller": 1, "balance": 0.0, "payment_refrence": "jknjln", "created_at": "2020-01-11T18:26:52.794Z", "updated_at": "2020-01-11T18:26:52.794Z"}}, {"model": "shoppy.order_payment", "pk": 14, "fields": {"checkout": 25, "amount": 1200.0, "seller": 1, "balance": 0.0, "payment_refrence": "klkjkbj", "created_at": "2020-01-11T18:31:51.202Z", "updated_at": "2020-01-11T18:31:51.202Z"}}, {"model": "shoppy.order_payment", "pk": 15, "fields": {"checkout": 27, "amount": 11290.0, "seller": 1, "balance": 0.0, "payment_refrence": "jkkjbkj", "created_at": "2020-01-11T20:20:48.421Z", "updated_at": "2020-01-11T20:20:48.421Z"}}, {"model": "shoppy.order_payment", "pk": 16, "fields": {"checkout": 24, "amount": 20000.0, "seller": 1, "balance": 0.0, "payment_refrence": "jknjln", "created_at": "2020-01-11T20:21:24.188Z", "updated_at": "2020-01-11T20:21:24.188Z"}}, {"model": "shoppy.order_payment", "pk": 17, "fields": {"checkout": 28, "amount": 134560.0, "seller": 1, "balance": 0.0, "payment_refrence": "sddsdzv", "created_at": "2020-01-11T20:23:56.173Z", "updated_at": "2020-01-11T20:23:56.173Z"}}, {"model": "shoppy.order_payment", "pk": 18, "fields": {"checkout": 29, "amount": 65000.0, "seller": 1, "balance": -5000.0, "payment_refrence": "dfsvdfsvdsf", "created_at": "2020-01-12T15:36:59.660Z", "updated_at": "2020-01-12T15:36:59.660Z"}}, {"model": "shoppy.carousel", "pk": 1, "fields": {"image": "couresel/download.jpg", "product": 1, "seller": 1, "description": "Black friday", "created_at": "2019-12-05T12:42:12.749Z", "updated_at": "2019-12-05T12:42:12.749Z"}}, {"model": "shoppy.carousel", "pk": 2, "fields": {"image": "couresel/KE_TAP_S_W38_Voucher_D_J5GytE4.jpg", "product": 6, "seller": 1, "description": "weekend dealsweekend", "created_at": "2020-02-07T14:05:29.918Z", "updated_at": "2020-02-07T14:05:29.918Z"}}, {"model": "shoppy.carousel", "pk": 3, "fields": {"image": "couresel/KE_W39_TeasingSlider_09242019_W2XmGKP.jpg", "product": 5, "seller": 1, "description": "weekend deals 3", "created_at": "2020-02-07T14:05:58.845Z", "updated_at": "2020-02-07T14:05:58.845Z"}}, {"model": "shoppy.variant", "pk": 1, "fields": {"seller": 1, "name": "Color", "created_at": "2019-12-20T10:41:09.916Z", "updated_at": "2019-12-20T10:41:09.916Z"}}, {"model": "shoppy.variant_option", "pk": 1, "fields": {"variant": 1, "name": "red", "seller": 1, "created_at": "2019-12-20T10:41:20.274Z", "updated_at": "2019-12-20T10:41:20.274Z"}}, {"model": "shoppy.variant_option", "pk": 2, "fields": {"variant": 1, "name": "pink", "seller": 1, "created_at": "2019-12-20T10:41:59.356Z", "updated_at": "2019-12-20T10:41:59.356Z"}}, {"model": "shoppy.voucher", "pk": 1, "fields": {"code": "Testing", "amount": 1000, "start_time": "2020-02-16T18:24:39Z", "end_time": "2020-02-21T18:24:39Z", "event": "Something", "no_of_users": 6, "seller": 1, "created_at": "2020-02-17T15:25:44.067Z", "updated_at": "2020-02-20T12:24:26.544Z"}}, {"model": "shoppy.voucher", "pk": 2, "fields": {"code": "Another", "amount": 1000, "start_time": "2020-02-19T00:00:00Z", "end_time": "2020-02-23T00:00:00Z", "event": "Something", "no_of_users": 0, "seller": 1, "created_at": "2020-02-20T12:30:31.897Z", "updated_at": "2020-02-20T12:38:43.059Z"}}, {"model": "shoppy.voucher", "pk": 3, "fields": {"code": "Z7TK5", "amount": 1000, "start_time": "2020-02-17T00:00:00Z", "end_time": "2020-02-23T00:00:00Z", "event": "Something", "no_of_users": 1, "seller": 1, "created_at": "2020-02-20T12:43:37.490Z", "updated_at": "2020-02-20T12:43:37.490Z"}}, {"model": "shoppy.voucher", "pk": 4, "fields": {"code": "B892D", "amount": 1000, "start_time": "2020-02-17T00:00:00Z", "end_time": "2020-02-25T00:00:00Z", "event": "Something", "no_of_users": 9, "seller": 1, "created_at": "2020-02-20T12:57:01.126Z", "updated_at": "2020-02-20T12:57:23.894Z"}}, {"model": "shoppy.voucher", "pk": 5, "fields": {"code": "PANRP", "amount": 1000, "start_time": "2020-02-26T00:00:00Z", "end_time": "2020-03-19T00:00:00Z", "event": "Valentines ", "no_of_users": 10, "seller": 1, "created_at": "2020-02-26T10:53:38.753Z", "updated_at": "2020-02-26T10:53:38.753Z"}}, {"model": "shoppy.voucher_buyer", "pk": 1, "fields": {"buyer": 13, "voucher": 1, "created_at": "2020-02-20T12:24:26.702Z", "updated_at": "2020-02-20T12:24:26.702Z"}}, {"model": "shoppy.voucher_buyer", "pk": 2, "fields": {"buyer": 13, "voucher": 2, "created_at": "2020-02-20T12:38:43.206Z", "updated_at": "2020-02-20T12:38:43.206Z"}}, {"model": "shoppy.voucher_buyer", "pk": 3, "fields": {"buyer": 13, "voucher": 4, "created_at": "2020-02-20T12:57:24.127Z", "updated_at": "2020-02-20T12:57:24.128Z"}}]